<?xml version="1.0" encoding="UTF-8"?><rss version="2.0"
	xmlns:content="http://purl.org/rss/1.0/modules/content/"
	xmlns:wfw="http://wellformedweb.org/CommentAPI/"
	xmlns:dc="http://purl.org/dc/elements/1.1/"
	xmlns:atom="http://www.w3.org/2005/Atom"
	xmlns:sy="http://purl.org/rss/1.0/modules/syndication/"
	xmlns:slash="http://purl.org/rss/1.0/modules/slash/"
	>

<channel>
	<title>Rental Apartments &#8211; Reequle</title>
	<atom:link href="/listing-category/rental-room-male-female/feed/" rel="self" type="application/rss+xml" />
	<link></link>
	<description>perfect site to find your stay</description>
	<lastBuildDate>Tue, 14 Jun 2022 03:27:51 +0000</lastBuildDate>
	<language>en-US</language>
	<sy:updatePeriod>
	hourly	</sy:updatePeriod>
	<sy:updateFrequency>
	1	</sy:updateFrequency>
	<generator>https://wordpress.org/?v=6.0.1</generator>

<image>
	<url>/wp-content/uploads/2022/06/cropped-Custom_dimensions_500x500_px-removebg-preview-1-32x32.png</url>
	<title>Rental Apartments &#8211; Reequle</title>
	<link></link>
	<width>32</width>
	<height>32</height>
</image> 
	<item>
		<title>Vidhya Apartment</title>
		<link>/listing/house-cleaning-services/</link>
					<comments>/listing/house-cleaning-services/#comments</comments>
		
		<dc:creator><![CDATA[admin]]></dc:creator>
		<pubDate>Wed, 17 Nov 2021 15:02:38 +0000</pubDate>
				<guid isPermaLink="false">https://listinghive.hivepress.io/?post_type=hp_listing&#038;p=85</guid>

					<description><![CDATA[Category: Rental Apartments; Vendor: admin.]]></description>
										<content:encoded><![CDATA[<p>2 bhk semi furnished flat is available for rent in Kasaba Bawada , near D.Y Patil college of Engineering and Technology,Kolhapur.<br />
Property type : 2 bhk flat<br />
Property size : 740 sq.Ft.<br />
Expected rent (Rs): 7000/-<br />
Construction year: 5 years<br />
Floor no. : 2<br />
Total floors :5<br />
Number of bedrooms :2<br />
A number of bath toilets :1<br />
Parking : One four wheeler covered parking<br />
Lift: Yes<br />
Security : 24 hours security guard,<br />
Amenities : Club house, indoor games with all ultra modern facilities. Kids park and garden area for senior citizens. Door video phone. Decorative entrance gate with security cabin, party lawn. Concrete roads with solar street lights eco lighting by using led lights. It is based in prime location which is accessible to schools, colleges, atm, restaurant, hospitals, market, etc<br />
Water facility: Bore well, municipality water supply</p>
]]></content:encoded>
					
					<wfw:commentRss>/listing/house-cleaning-services/feed/</wfw:commentRss>
			<slash:comments>2</slash:comments>
		
		
			</item>
		<item>
		<title>Vrindavan Apartment</title>
		<link>/listing/stylish-in-home-haircuts/</link>
		
		<dc:creator><![CDATA[admin]]></dc:creator>
		<pubDate>Tue, 16 Nov 2021 17:37:21 +0000</pubDate>
				<guid isPermaLink="false">https://listinghive.hivepress.io/?post_type=hp_listing&#038;p=83</guid>

					<description><![CDATA[Category: Rental Apartments; Vendor: admin.]]></description>
										<content:encoded><![CDATA[<p>1 bhk semi furnished flat is available for rent in Kasaba Bawada , near D.Y Patil college of Engineering and Technology,Kolhapur.<br />
Property type : 2 bhk flat<br />
Property size : 640 sq.Ft.<br />
Expected rent (Rs): 7000/-<br />
Construction year: 5 years<br />
Floor no. : 2<br />
Total floors :5<br />
Number of bedrooms :2<br />
A number of bath toilets :1<br />
Parking : One four wheeler covered parking<br />
Lift: Yes<br />
Security : 24 hours security guard,<br />
Amenities : Club house, indoor games with all ultra modern facilities. Kids park and garden area for senior citizens. Door video phone. Decorative entrance gate with security cabin, party lawn. Concrete roads with solar street lights eco lighting by using led lights. It is based in prime location which is accessible to schools, colleges, atm, restaurant, hospitals, market, etc<br />
Water facility: Bore well, municipality water supply</p>
]]></content:encoded>
					
		
		
			</item>
		<item>
		<title>Shalimar Apartment</title>
		<link>/listing/in-house-welding-services/</link>
		
		<dc:creator><![CDATA[admin]]></dc:creator>
		<pubDate>Tue, 16 Nov 2021 17:34:19 +0000</pubDate>
				<guid isPermaLink="false">https://listinghive.hivepress.io/?post_type=hp_listing&#038;p=81</guid>

					<description><![CDATA[Category: Rental Apartments; Vendor: admin.]]></description>
										<content:encoded><![CDATA[<p>2 bhk semi furnished flat is available for rent in Kasaba Bawada , near D.Y Patil college of Engineering and Technology,Kolhapur.<br />
Property type : 2 bhk flat<br />
Property size : 840 sq.Ft.<br />
Expected rent (Rs): 7000/-<br />
Construction year: 5 years<br />
Floor no. : 3<br />
Total floors :5<br />
Number of bedrooms :2<br />
A number of bath toilets :2<br />
Parking : One four wheeler covered parking<br />
Lift: no<br />
Amenities : Club house, indoor games with all ultra modern facilities. Kids park and garden area for senior citizens. Door video phone. Decorative entrance gate with security cabin, party lawn. Concrete roads with solar street lights eco lighting by using led lights. It is based in prime location which is accessible to schools, colleges, atm, restaurant,market, etc<br />
Water facility:  municipality water supply</p>
]]></content:encoded>
					
		
		
			</item>
		<item>
		<title>Rajgad Apartment</title>
		<link>/listing/private-yoga-classes/</link>
		
		<dc:creator><![CDATA[admin]]></dc:creator>
		<pubDate>Tue, 16 Nov 2021 17:32:21 +0000</pubDate>
				<guid isPermaLink="false">https://listinghive.hivepress.io/?post_type=hp_listing&#038;p=78</guid>

					<description><![CDATA[Category: Rental Apartments; Vendor: admin.]]></description>
										<content:encoded><![CDATA[<p>2.5 bhk semi furnished flat is available for rent in Kasaba Bawada , near D.Y Patil college of Engineering and Technology,Kolhapur.<br />
Property type : 2.5bhk flat<br />
Property size : 780sq.Ft.<br />
Expected rent (Rs): 7500/-<br />
Construction year: 8 years<br />
Floor no. : 4<br />
Total floors :5<br />
Number of bedrooms :2.5<br />
A number of bath toilets :2<br />
Parking : One four wheeler covered parking<br />
Lift: Yes<br />
Security : 24 hours security guard,<br />
Amenities : Club house, indoor games with all ultra modern facilities. Kids park and garden area for senior citizens. Door video phone. Decorative entrance gate with security cabin, party lawn. Concrete roads with solar street lights eco lighting by using led lights. It is based in prime location which is accessible to schools, colleges, atm, restaurant, hospitals, market, etc<br />
Water facility: Bore well, municipality water supply</p>
]]></content:encoded>
					
		
		
			</item>
		<item>
		<title>Patil Apartment</title>
		<link>/listing/landscaping-and-gardening/</link>
		
		<dc:creator><![CDATA[admin]]></dc:creator>
		<pubDate>Tue, 16 Nov 2021 12:43:46 +0000</pubDate>
				<guid isPermaLink="false">https://listinghive.hivepress.io/?post_type=hp_listing&#038;p=87</guid>

					<description><![CDATA[Category: Rental Apartments; Vendor: admin.]]></description>
										<content:encoded><![CDATA[<p>2 bhk semi furnished flat is available for rent in Kasaba Bawada , near D.Y Patil college of Engineering and Technology,Kolhapur.<br />
Property type : 2 bhk flat<br />
Property size : 840 sq.Ft.<br />
Expected rent (Rs): 9500/-<br />
Construction year: 1 years<br />
Floor no. : 3<br />
Total floors :5<br />
Number of bedrooms :2<br />
A number of bath toilets :2<br />
Parking : One four wheeler covered parking<br />
Lift: Yes<br />
Security : 24 hours security guard,<br />
Amenities : Decorative entrance gate with security cabin party lawn. Concrete roads with solar street lights eco lighting by using led lights. It is based in prime location which is accessible to  colleges, atm, hospitals, market, etc.<br />
Water facility:  municipality water supply</p>
]]></content:encoded>
					
		
		
			</item>
		<item>
		<title>Kusum Pride Apartment</title>
		<link>/listing/custom-carpentry-services/</link>
		
		<dc:creator><![CDATA[admin]]></dc:creator>
		<pubDate>Mon, 15 Nov 2021 20:30:51 +0000</pubDate>
				<guid isPermaLink="false">https://listinghive.hivepress.io/?post_type=hp_listing&#038;p=76</guid>

					<description><![CDATA[Category: Rental Apartments; Vendor: admin.]]></description>
										<content:encoded><![CDATA[<p>1 bhk semi furnished flat is available for rent in Kasaba Bawada , near D.Y Patil college of Engineering and Technology,Kolhapur.<br />
Property type : 1 bhk flat<br />
Property size : 540 sq.Ft.<br />
Expected rent (Rs): 6500/-<br />
Construction year: 5 years<br />
Floor no. : 1<br />
Total floors :4<br />
Number of bedrooms :1<br />
A number of bath toilets :1<br />
Parking : One two wheeler parking<br />
Lift: No<br />
Amenities :   party lawn. Concrete roads with solar street lights eco lighting by using led lights. It is based in prime location which is accessible to schools, colleges, atm, restaurant, hospitals, market, etc.<br />
Water facility: Bore well.</p>
]]></content:encoded>
					
		
		
			</item>
	</channel>
</rss>
