<?xml version="1.0" encoding="UTF-8"?><rss version="2.0"
	xmlns:content="http://purl.org/rss/1.0/modules/content/"
	xmlns:dc="http://purl.org/dc/elements/1.1/"
	xmlns:atom="http://www.w3.org/2005/Atom"
	xmlns:sy="http://purl.org/rss/1.0/modules/syndication/"
	
	>
<channel>
	<title>
	Comments for Reequle	</title>
	<atom:link href="/comments/feed/" rel="self" type="application/rss+xml" />
	<link></link>
	<description>perfect site to find your stay</description>
	<lastBuildDate>Tue, 14 Jun 2022 03:27:51 +0000</lastBuildDate>
	<sy:updatePeriod>
	hourly	</sy:updatePeriod>
	<sy:updateFrequency>
	1	</sy:updateFrequency>
	<generator>https://wordpress.org/?v=6.0.1</generator>
	<item>
		<title>
		Comment on Hello world! by A WordPress Commenter		</title>
		<link>/2022/06/05/hello-world/#comment-1</link>

		<dc:creator><![CDATA[A WordPress Commenter]]></dc:creator>
		<pubDate>Sun, 05 Jun 2022 06:20:26 +0000</pubDate>
		<guid isPermaLink="false">http:/?p=1#comment-1</guid>

					<description><![CDATA[Hi, this is a comment.
To get started with moderating, editing, and deleting comments, please visit the Comments screen in the dashboard.
Commenter avatars come from &lt;a href=&quot;https://gravatar.com&quot;&gt;Gravatar&lt;/a&gt;.]]></description>
			<content:encoded><![CDATA[<p>Hi, this is a comment.<br />
To get started with moderating, editing, and deleting comments, please visit the Comments screen in the dashboard.<br />
Commenter avatars come from <a href="https://gravatar.com/">Gravatar</a>.</p>
]]></content:encoded>
		
			</item>
		<item>
		<title>
		Comment on Kusum Pride Apartment by Michelle Foster		</title>
		<link>/listing/custom-carpentry-services/#comment-13</link>

		<dc:creator><![CDATA[Michelle Foster]]></dc:creator>
		<pubDate>Wed, 17 Nov 2021 18:40:47 +0000</pubDate>
		<guid isPermaLink="false">https://listinghive.hivepress.io/?post_type=hp_listing&#038;p=76#comment-13</guid>

					<description><![CDATA[Nunc facilisis felis pharetra urna cursus, sed porta lacus commodo. Praesent aliquet facilisis tincidunt. Nullam malesuada blandit est, nec accumsan tortor malesuada donec.]]></description>
			<content:encoded><![CDATA[<p>Nunc facilisis felis pharetra urna cursus, sed porta lacus commodo. Praesent aliquet facilisis tincidunt. Nullam malesuada blandit est, nec accumsan tortor malesuada donec.</p>
]]></content:encoded>
		
			</item>
		<item>
		<title>
		Comment on Vansh Food by Michelle Foster		</title>
		<link>/listing/vans-old-skool-shoes/#comment-3</link>

		<dc:creator><![CDATA[Michelle Foster]]></dc:creator>
		<pubDate>Wed, 17 Nov 2021 18:40:43 +0000</pubDate>
		<guid isPermaLink="false">https://listinghive.hivepress.io/?post_type=hp_listing&#038;p=46#comment-3</guid>

					<description><![CDATA[Nunc facilisis felis pharetra urna cursus, sed porta lacus commodo. Praesent aliquet facilisis tincidunt. Nullam malesuada blandit est, nec accumsan tortor malesuada donec.]]></description>
			<content:encoded><![CDATA[<p>Nunc facilisis felis pharetra urna cursus, sed porta lacus commodo. Praesent aliquet facilisis tincidunt. Nullam malesuada blandit est, nec accumsan tortor malesuada donec.</p>
]]></content:encoded>
		
			</item>
		<item>
		<title>
		Comment on Kankeker rooms by Michelle Foster		</title>
		<link>/listing/room-with-a-sea-view/#comment-7</link>

		<dc:creator><![CDATA[Michelle Foster]]></dc:creator>
		<pubDate>Wed, 17 Nov 2021 18:40:40 +0000</pubDate>
		<guid isPermaLink="false">https://listinghive.hivepress.io/?post_type=hp_listing&#038;p=56#comment-7</guid>

					<description><![CDATA[Nunc facilisis felis pharetra urna cursus, sed porta lacus commodo. Praesent aliquet facilisis tincidunt. Nullam malesuada blandit est, nec accumsan tortor malesuada donec.]]></description>
			<content:encoded><![CDATA[<p>Nunc facilisis felis pharetra urna cursus, sed porta lacus commodo. Praesent aliquet facilisis tincidunt. Nullam malesuada blandit est, nec accumsan tortor malesuada donec.</p>
]]></content:encoded>
		
			</item>
		<item>
		<title>
		Comment on Patil Apartment by Michelle Foster		</title>
		<link>/listing/landscaping-and-gardening/#comment-21</link>

		<dc:creator><![CDATA[Michelle Foster]]></dc:creator>
		<pubDate>Wed, 17 Nov 2021 18:40:36 +0000</pubDate>
		<guid isPermaLink="false">https://listinghive.hivepress.io/?post_type=hp_listing&#038;p=87#comment-21</guid>

					<description><![CDATA[Nunc facilisis felis pharetra urna cursus, sed porta lacus commodo. Praesent aliquet facilisis tincidunt. Nullam malesuada blandit est, nec accumsan tortor malesuada donec.]]></description>
			<content:encoded><![CDATA[<p>Nunc facilisis felis pharetra urna cursus, sed porta lacus commodo. Praesent aliquet facilisis tincidunt. Nullam malesuada blandit est, nec accumsan tortor malesuada donec.</p>
]]></content:encoded>
		
			</item>
		<item>
		<title>
		Comment on R.Patil Rooms by Michelle Foster		</title>
		<link>/listing/beautiful-spacious-house/#comment-9</link>

		<dc:creator><![CDATA[Michelle Foster]]></dc:creator>
		<pubDate>Wed, 17 Nov 2021 18:40:32 +0000</pubDate>
		<guid isPermaLink="false">https://listinghive.hivepress.io/?post_type=hp_listing&#038;p=66#comment-9</guid>

					<description><![CDATA[Nunc facilisis felis pharetra urna cursus, sed porta lacus commodo. Praesent aliquet facilisis tincidunt. Nullam malesuada blandit est, nec accumsan tortor malesuada donec.]]></description>
			<content:encoded><![CDATA[<p>Nunc facilisis felis pharetra urna cursus, sed porta lacus commodo. Praesent aliquet facilisis tincidunt. Nullam malesuada blandit est, nec accumsan tortor malesuada donec.</p>
]]></content:encoded>
		
			</item>
		<item>
		<title>
		Comment on Yadav Rooms by Michelle Foster		</title>
		<link>/listing/modern-secluded-house/#comment-11</link>

		<dc:creator><![CDATA[Michelle Foster]]></dc:creator>
		<pubDate>Wed, 17 Nov 2021 18:40:29 +0000</pubDate>
		<guid isPermaLink="false">https://listinghive.hivepress.io/?post_type=hp_listing&#038;p=68#comment-11</guid>

					<description><![CDATA[Nunc facilisis felis pharetra urna cursus, sed porta lacus commodo. Praesent aliquet facilisis tincidunt. Nullam malesuada blandit est, nec accumsan tortor malesuada donec.]]></description>
			<content:encoded><![CDATA[<p>Nunc facilisis felis pharetra urna cursus, sed porta lacus commodo. Praesent aliquet facilisis tincidunt. Nullam malesuada blandit est, nec accumsan tortor malesuada donec.</p>
]]></content:encoded>
		
			</item>
		<item>
		<title>
		Comment on Rajgad Apartment by Michelle Foster		</title>
		<link>/listing/private-yoga-classes/#comment-15</link>

		<dc:creator><![CDATA[Michelle Foster]]></dc:creator>
		<pubDate>Wed, 17 Nov 2021 18:40:25 +0000</pubDate>
		<guid isPermaLink="false">https://listinghive.hivepress.io/?post_type=hp_listing&#038;p=78#comment-15</guid>

					<description><![CDATA[Nunc facilisis felis pharetra urna cursus, sed porta lacus commodo. Praesent aliquet facilisis tincidunt. Nullam malesuada blandit est, nec accumsan tortor malesuada donec.]]></description>
			<content:encoded><![CDATA[<p>Nunc facilisis felis pharetra urna cursus, sed porta lacus commodo. Praesent aliquet facilisis tincidunt. Nullam malesuada blandit est, nec accumsan tortor malesuada donec.</p>
]]></content:encoded>
		
			</item>
		<item>
		<title>
		Comment on Shalimar Apartment by Michelle Foster		</title>
		<link>/listing/in-house-welding-services/#comment-17</link>

		<dc:creator><![CDATA[Michelle Foster]]></dc:creator>
		<pubDate>Wed, 17 Nov 2021 18:40:21 +0000</pubDate>
		<guid isPermaLink="false">https://listinghive.hivepress.io/?post_type=hp_listing&#038;p=81#comment-17</guid>

					<description><![CDATA[Nunc facilisis felis pharetra urna cursus, sed porta lacus commodo. Praesent aliquet facilisis tincidunt. Nullam malesuada blandit est, nec accumsan tortor malesuada donec.]]></description>
			<content:encoded><![CDATA[<p>Nunc facilisis felis pharetra urna cursus, sed porta lacus commodo. Praesent aliquet facilisis tincidunt. Nullam malesuada blandit est, nec accumsan tortor malesuada donec.</p>
]]></content:encoded>
		
			</item>
		<item>
		<title>
		Comment on Vrindavan Apartment by Michelle Foster		</title>
		<link>/listing/stylish-in-home-haircuts/#comment-19</link>

		<dc:creator><![CDATA[Michelle Foster]]></dc:creator>
		<pubDate>Wed, 17 Nov 2021 18:40:18 +0000</pubDate>
		<guid isPermaLink="false">https://listinghive.hivepress.io/?post_type=hp_listing&#038;p=83#comment-19</guid>

					<description><![CDATA[Nunc facilisis felis pharetra urna cursus, sed porta lacus commodo. Praesent aliquet facilisis tincidunt. Nullam malesuada blandit est, nec accumsan tortor malesuada donec.]]></description>
			<content:encoded><![CDATA[<p>Nunc facilisis felis pharetra urna cursus, sed porta lacus commodo. Praesent aliquet facilisis tincidunt. Nullam malesuada blandit est, nec accumsan tortor malesuada donec.</p>
]]></content:encoded>
		
			</item>
	</channel>
</rss>
