<?xml version="1.0" encoding="UTF-8"?><rss version="2.0"
	xmlns:content="http://purl.org/rss/1.0/modules/content/"
	xmlns:dc="http://purl.org/dc/elements/1.1/"
	xmlns:atom="http://www.w3.org/2005/Atom"
	xmlns:sy="http://purl.org/rss/1.0/modules/syndication/"
	
	>
<channel>
	<title>
	Comments on: Class aptent taciti id sociosqu	</title>
	<atom:link href="/2021/11/13/class-aptent-taciti-id-sociosqu/feed/" rel="self" type="application/rss+xml" />
	<link>/2021/11/13/class-aptent-taciti-id-sociosqu/</link>
	<description>perfect site to find your stay</description>
	<lastBuildDate>Sat, 13 Nov 2021 16:00:25 +0000</lastBuildDate>
	<sy:updatePeriod>
	hourly	</sy:updatePeriod>
	<sy:updateFrequency>
	1	</sy:updateFrequency>
	<generator>https://wordpress.org/?v=6.0.1</generator>
</channel>
</rss>
