<?xml version="1.0" encoding="UTF-8"?><rss version="2.0"
	xmlns:content="http://purl.org/rss/1.0/modules/content/"
	xmlns:dc="http://purl.org/dc/elements/1.1/"
	xmlns:atom="http://www.w3.org/2005/Atom"
	xmlns:sy="http://purl.org/rss/1.0/modules/syndication/"
	
	>
<channel>
	<title>
	Comments on: Tips for renting a house	</title>
	<atom:link href="/2021/11/17/tips-for-renting-a-house/feed/" rel="self" type="application/rss+xml" />
	<link>/2021/11/17/tips-for-renting-a-house/</link>
	<description>perfect site to find your stay</description>
	<lastBuildDate>Wed, 17 Nov 2021 15:32:55 +0000</lastBuildDate>
	<sy:updatePeriod>
	hourly	</sy:updatePeriod>
	<sy:updateFrequency>
	1	</sy:updateFrequency>
	<generator>https://wordpress.org/?v=6.0.1</generator>
	<item>
		<title>
		By: Thomas		</title>
		<link>/2021/11/17/tips-for-renting-a-house/#comment-40</link>

		<dc:creator><![CDATA[Thomas]]></dc:creator>
		<pubDate>Wed, 17 Nov 2021 15:32:55 +0000</pubDate>
		<guid isPermaLink="false">https://listinghive.hivepress.io/?p=113#comment-40</guid>

					<description><![CDATA[Curabitur nec lorem sit amet nibh lobortis vestibulum. Curabitur ultrices nunc risus, sed suscipit augue luctus eu. Nam at diam bibendum, vulputate sapien et posuere.]]></description>
			<content:encoded><![CDATA[<p>Curabitur nec lorem sit amet nibh lobortis vestibulum. Curabitur ultrices nunc risus, sed suscipit augue luctus eu. Nam at diam bibendum, vulputate sapien et posuere.</p>
]]></content:encoded>
		
			</item>
		<item>
		<title>
		By: Brian		</title>
		<link>/2021/11/17/tips-for-renting-a-house/#comment-39</link>

		<dc:creator><![CDATA[Brian]]></dc:creator>
		<pubDate>Wed, 17 Nov 2021 15:31:13 +0000</pubDate>
		<guid isPermaLink="false">https://listinghive.hivepress.io/?p=113#comment-39</guid>

					<description><![CDATA[In reply to &lt;a href=&quot;/2021/11/17/tips-for-renting-a-house/#comment-38&quot;&gt;Michelle&lt;/a&gt;.

Proin imperdiet consectetur mauris, at luctus arcu dictum a. Donec magna ante, maximus ac diam at, blandit elementum diam. Nunc sit amet ultrices ex vestibulum venenatis.]]></description>
			<content:encoded><![CDATA[<p>In reply to <a href="/2021/11/17/tips-for-renting-a-house/#comment-38">Michelle</a>.</p>
<p>Proin imperdiet consectetur mauris, at luctus arcu dictum a. Donec magna ante, maximus ac diam at, blandit elementum diam. Nunc sit amet ultrices ex vestibulum venenatis.</p>
]]></content:encoded>
		
			</item>
		<item>
		<title>
		By: Michelle		</title>
		<link>/2021/11/17/tips-for-renting-a-house/#comment-38</link>

		<dc:creator><![CDATA[Michelle]]></dc:creator>
		<pubDate>Wed, 17 Nov 2021 15:29:17 +0000</pubDate>
		<guid isPermaLink="false">https://listinghive.hivepress.io/?p=113#comment-38</guid>

					<description><![CDATA[Maecenas eget elit vitae mauris ullamcorper volutpat. Nunc efficitur maximus pretium. Sed consequat accumsan dui, ac consequat est venenatis nullam elementum iaculis.]]></description>
			<content:encoded><![CDATA[<p>Maecenas eget elit vitae mauris ullamcorper volutpat. Nunc efficitur maximus pretium. Sed consequat accumsan dui, ac consequat est venenatis nullam elementum iaculis.</p>
]]></content:encoded>
		
			</item>
	</channel>
</rss>
