<?xml version="1.0" encoding="UTF-8"?><rss version="2.0"
	xmlns:content="http://purl.org/rss/1.0/modules/content/"
	xmlns:dc="http://purl.org/dc/elements/1.1/"
	xmlns:atom="http://www.w3.org/2005/Atom"
	xmlns:sy="http://purl.org/rss/1.0/modules/syndication/"
	
	>
<channel>
	<title>
	Comments on: Potoba	</title>
	<atom:link href="/listing/bang-olufsen-speaker/feed/" rel="self" type="application/rss+xml" />
	<link>/listing/bang-olufsen-speaker/</link>
	<description>perfect site to find your stay</description>
	<lastBuildDate>Tue, 14 Jun 2022 03:06:09 +0000</lastBuildDate>
	<sy:updatePeriod>
	hourly	</sy:updatePeriod>
	<sy:updateFrequency>
	1	</sy:updateFrequency>
	<generator>https://wordpress.org/?v=6.0.1</generator>
	<item>
		<title>
		By: Michelle Foster		</title>
		<link>/listing/bang-olufsen-speaker/#comment-23</link>

		<dc:creator><![CDATA[Michelle Foster]]></dc:creator>
		<pubDate>Wed, 17 Nov 2021 18:39:57 +0000</pubDate>
		<guid isPermaLink="false">https://listinghive.hivepress.io/?post_type=hp_listing&#038;p=27#comment-23</guid>

					<description><![CDATA[Nunc facilisis felis pharetra urna cursus, sed porta lacus commodo. Praesent aliquet facilisis tincidunt. Nullam malesuada blandit est, nec accumsan tortor malesuada donec.]]></description>
			<content:encoded><![CDATA[<p>Nunc facilisis felis pharetra urna cursus, sed porta lacus commodo. Praesent aliquet facilisis tincidunt. Nullam malesuada blandit est, nec accumsan tortor malesuada donec.</p>
]]></content:encoded>
		
			</item>
		<item>
		<title>
		By: Thomas Hinton		</title>
		<link>/listing/bang-olufsen-speaker/#comment-22</link>

		<dc:creator><![CDATA[Thomas Hinton]]></dc:creator>
		<pubDate>Wed, 17 Nov 2021 18:37:48 +0000</pubDate>
		<guid isPermaLink="false">https://listinghive.hivepress.io/?post_type=hp_listing&#038;p=27#comment-22</guid>

					<description><![CDATA[Aliquam et eros vel dui finibus interdum quis vel nulla. Fusce vestibulum ex eget cursus commodo. Nulla vitae blandit sapien. Ut sit amet mauris id enim ullamcorper.]]></description>
			<content:encoded><![CDATA[<p>Aliquam et eros vel dui finibus interdum quis vel nulla. Fusce vestibulum ex eget cursus commodo. Nulla vitae blandit sapien. Ut sit amet mauris id enim ullamcorper.</p>
]]></content:encoded>
		
			</item>
	</channel>
</rss>
