<?xml version="1.0" encoding="UTF-8"?><rss version="2.0"
	xmlns:content="http://purl.org/rss/1.0/modules/content/"
	xmlns:wfw="http://wellformedweb.org/CommentAPI/"
	xmlns:dc="http://purl.org/dc/elements/1.1/"
	xmlns:atom="http://www.w3.org/2005/Atom"
	xmlns:sy="http://purl.org/rss/1.0/modules/syndication/"
	xmlns:slash="http://purl.org/rss/1.0/modules/slash/"
	>

<channel>
	<title>Rental Rooms &#8211; Reequle</title>
	<atom:link href="/listing-category/real-estate/feed/" rel="self" type="application/rss+xml" />
	<link></link>
	<description>perfect site to find your stay</description>
	<lastBuildDate>Tue, 14 Jun 2022 03:28:29 +0000</lastBuildDate>
	<language>en-US</language>
	<sy:updatePeriod>
	hourly	</sy:updatePeriod>
	<sy:updateFrequency>
	1	</sy:updateFrequency>
	<generator>https://wordpress.org/?v=6.0.1</generator>

<image>
	<url>/wp-content/uploads/2022/06/cropped-Custom_dimensions_500x500_px-removebg-preview-1-32x32.png</url>
	<title>Rental Rooms &#8211; Reequle</title>
	<link></link>
	<width>32</width>
	<height>32</height>
</image> 
	<item>
		<title>laxhmi Nivas</title>
		<link>/listing/sfge/</link>
		
		<dc:creator><![CDATA[admin]]></dc:creator>
		<pubDate>Mon, 06 Jun 2022 06:11:23 +0000</pubDate>
				<guid isPermaLink="false">/?post_type=hp_listing&#038;p=172</guid>

					<description><![CDATA[Category: Rental Rooms; Vendor: admin.]]></description>
										<content:encoded><![CDATA[<p>one room with 2 Beds<br />
and common sanetary area.<br />
rent as per Bed.<br />
Near by D.Y. Patil college of Engg.  and Technology.</p>
]]></content:encoded>
					
		
		
			</item>
		<item>
		<title>Chavan Rooms</title>
		<link>/listing/for-rent/</link>
		
		<dc:creator><![CDATA[admin]]></dc:creator>
		<pubDate>Sun, 05 Jun 2022 08:01:00 +0000</pubDate>
				<guid isPermaLink="false">/?post_type=hp_listing&#038;p=164</guid>

					<description><![CDATA[Category: Rental Rooms (Male); Vendor: admin.]]></description>
										<content:encoded><![CDATA[<p>one room with 3 Beds<br />
and common sanetary area.<br />
rent as per Bed.<br />
Near by D.Y. Patil college of Engg.  and Technology.</p>
]]></content:encoded>
					
		
		
			</item>
		<item>
		<title>Vetale House</title>
		<link>/listing/beautiful-central-room/</link>
					<comments>/listing/beautiful-central-room/#comments</comments>
		
		<dc:creator><![CDATA[admin]]></dc:creator>
		<pubDate>Wed, 17 Nov 2021 15:15:33 +0000</pubDate>
				<guid isPermaLink="false">https://listinghive.hivepress.io/?post_type=hp_listing&#038;p=64</guid>

					<description><![CDATA[Category: Rental Rooms; Vendor: admin.]]></description>
										<content:encoded><![CDATA[<p>one room with 2 Beds<br />
and common sanetary area.<br />
rent as per Bed.<br />
Near by D.Y. Patil college of Engg.  and Technology.</p>
]]></content:encoded>
					
					<wfw:commentRss>/listing/beautiful-central-room/feed/</wfw:commentRss>
			<slash:comments>2</slash:comments>
		
		
			</item>
		<item>
		<title>Jadhav Rooms</title>
		<link>/listing/cozy-central-studio/</link>
					<comments>/listing/cozy-central-studio/#comments</comments>
		
		<dc:creator><![CDATA[admin]]></dc:creator>
		<pubDate>Wed, 17 Nov 2021 15:01:07 +0000</pubDate>
				<guid isPermaLink="false">https://listinghive.hivepress.io/?post_type=hp_listing&#038;p=54</guid>

					<description><![CDATA[Category: Rental Rooms; Vendor: admin.]]></description>
										<content:encoded><![CDATA[<p>one room with 3 Beds<br />
and common sanetary area.<br />
rent as per Bed.<br />
Near by D.Y. Patil college of Engg.  and Technology.</p>
]]></content:encoded>
					
					<wfw:commentRss>/listing/cozy-central-studio/feed/</wfw:commentRss>
			<slash:comments>2</slash:comments>
		
		
			</item>
		<item>
		<title>Yadav Rooms</title>
		<link>/listing/modern-secluded-house/</link>
		
		<dc:creator><![CDATA[admin]]></dc:creator>
		<pubDate>Tue, 16 Nov 2021 12:49:47 +0000</pubDate>
				<guid isPermaLink="false">https://listinghive.hivepress.io/?post_type=hp_listing&#038;p=68</guid>

					<description><![CDATA[Category: Rental Rooms (Male); Vendor: admin.]]></description>
										<content:encoded><![CDATA[<p>one room with 3 Beds<br />
and seperate  as per room sanetary area.<br />
rent as per Bed.<br />
Near by D.Y. Patil college of Engg.  and Technology.</p>
]]></content:encoded>
					
		
		
			</item>
		<item>
		<title>R.Patil Rooms</title>
		<link>/listing/beautiful-spacious-house/</link>
		
		<dc:creator><![CDATA[admin]]></dc:creator>
		<pubDate>Tue, 16 Nov 2021 12:49:07 +0000</pubDate>
				<guid isPermaLink="false">https://listinghive.hivepress.io/?post_type=hp_listing&#038;p=66</guid>

					<description><![CDATA[Category: Rental Rooms (Male); Vendor: admin.]]></description>
										<content:encoded><![CDATA[<p>one room with 4 Beds<br />
and common sanetary area.<br />
rent as per Bed.<br />
Near by D.Y. Patil college of Engg.  and Technology.</p>
]]></content:encoded>
					
		
		
			</item>
		<item>
		<title>Kankeker rooms</title>
		<link>/listing/room-with-a-sea-view/</link>
		
		<dc:creator><![CDATA[admin]]></dc:creator>
		<pubDate>Tue, 16 Nov 2021 12:38:47 +0000</pubDate>
				<guid isPermaLink="false">https://listinghive.hivepress.io/?post_type=hp_listing&#038;p=56</guid>

					<description><![CDATA[Category: Rental Rooms (Male); Vendor: admin.]]></description>
										<content:encoded><![CDATA[<p>one room with 4 Beds<br />
and common sanetary area.<br />
rent as per Bed.<br />
Near by D.Y. Patil college of Engg.  and Technology.</p>
]]></content:encoded>
					
		
		
			</item>
	</channel>
</rss>
