<?xml version="1.0" encoding="UTF-8"?><rss version="2.0"
	xmlns:content="http://purl.org/rss/1.0/modules/content/"
	xmlns:wfw="http://wellformedweb.org/CommentAPI/"
	xmlns:dc="http://purl.org/dc/elements/1.1/"
	xmlns:atom="http://www.w3.org/2005/Atom"
	xmlns:sy="http://purl.org/rss/1.0/modules/syndication/"
	xmlns:slash="http://purl.org/rss/1.0/modules/slash/"
	>

<channel>
	<title>amet &#8211; Reequle</title>
	<atom:link href="/tag/amet/feed/" rel="self" type="application/rss+xml" />
	<link></link>
	<description>perfect site to find your stay</description>
	<lastBuildDate>Wed, 17 Nov 2021 09:56:17 +0000</lastBuildDate>
	<language>en-US</language>
	<sy:updatePeriod>
	hourly	</sy:updatePeriod>
	<sy:updateFrequency>
	1	</sy:updateFrequency>
	<generator>https://wordpress.org/?v=6.0.1</generator>

<image>
	<url>/wp-content/uploads/2022/06/cropped-Custom_dimensions_500x500_px-removebg-preview-1-32x32.png</url>
	<title>amet &#8211; Reequle</title>
	<link></link>
	<width>32</width>
	<height>32</height>
</image> 
	<item>
		<title>Tips for renting a house</title>
		<link>/2021/11/17/tips-for-renting-a-house/</link>
					<comments>/2021/11/17/tips-for-renting-a-house/#comments</comments>
		
		<dc:creator><![CDATA[admin]]></dc:creator>
		<pubDate>Wed, 17 Nov 2021 09:56:17 +0000</pubDate>
				<category><![CDATA[Ideas]]></category>
		<category><![CDATA[Tips]]></category>
		<category><![CDATA[amet]]></category>
		<category><![CDATA[dolor]]></category>
		<category><![CDATA[ipsum]]></category>
		<category><![CDATA[lorem]]></category>
		<guid isPermaLink="false">https://listinghive.hivepress.io/?p=113</guid>

					<description><![CDATA[Morbi scelerisque, neque ut vehicula varius, metus eros accumsan mauris, vel egestas arcu leo sit amet dolor. Praesent varius nisl at cursus vestibulum. Etiam fermentum pellentesque risus lacinia suspendisse quis tellus nisi. Sed ac dolor ac eros euismod molestie in vitae ipsum.]]></description>
										<content:encoded><![CDATA[
<p>Lorem ipsum dolor sit amet, consectetur adipiscing elit. Pellentesque tempor nisl eget lacinia gravida. Ut in scelerisque lectus. Nunc non imperdiet magna, fermentum convallis libero. Cras nec orci eget tortor fermentum tempor ac pellentesque metus. Interdum et malesuada fames ac ante ipsum primis in faucibus. Etiam sed blandit dolor, eget convallis dui. Suspendisse interdum lectus elit, ut porttitor odio dignissim vitae. Integer faucibus efficitur gravida nulla rhoncus.</p>



<blockquote class="wp-block-quote"><p>Morbi et magna vel justo tempor consectetur in ut diam. Donec dapibus nisi in nisl dictum, sit amet tincidunt nulla mattis. Integer nec neque orci. Vivamus lacus augue commodo, ut cursus ligula rutrum mollis augue at magna rhoncus porttitor.</p></blockquote>



<p>Proin consectetur faucibus ipsum sodales pharetra. Pellentesque facilisis arcu at vehicula pulvinar. Maecenas quis tortor ultrices enim hendrerit vehicula a non lectus. Aliquam eget commodo ante. Integer ut vehicula lacus, ac porttitor sem. In tristique mollis bibendum. Vestibulum viverra, nisl nec tempus vulputate, eros orci ultrices mi, in cursus mi mi non neque. Vestibulum semper turpis ac massa varius, et congue lacus dignissim. Donec et porta urna, vulputate dapibus elit.</p>
]]></content:encoded>
					
					<wfw:commentRss>/2021/11/17/tips-for-renting-a-house/feed/</wfw:commentRss>
			<slash:comments>3</slash:comments>
		
		
			</item>
		<item>
		<title>Orci varius natoque penatibus</title>
		<link>/2021/11/12/orci-varius-natoque-penatibus/</link>
					<comments>/2021/11/12/orci-varius-natoque-penatibus/#respond</comments>
		
		<dc:creator><![CDATA[admin]]></dc:creator>
		<pubDate>Fri, 12 Nov 2021 16:00:21 +0000</pubDate>
				<category><![CDATA[Ideas]]></category>
		<category><![CDATA[Tips]]></category>
		<category><![CDATA[amet]]></category>
		<category><![CDATA[dolor]]></category>
		<category><![CDATA[ipsum]]></category>
		<category><![CDATA[lorem]]></category>
		<guid isPermaLink="false">https://listinghive.hivepress.io/?p=143</guid>

					<description><![CDATA[Morbi scelerisque, neque ut vehicula varius, metus eros accumsan mauris, vel egestas arcu leo sit amet dolor. Praesent varius nisl at cursus vestibulum. Etiam fermentum pellentesque risus lacinia suspendisse quis tellus nisi. Sed ac dolor ac eros euismod molestie in vitae ipsum.]]></description>
										<content:encoded><![CDATA[
<p>Lorem ipsum dolor sit amet, consectetur adipiscing elit. Pellentesque tempor nisl eget lacinia gravida. Ut in scelerisque lectus. Nunc non imperdiet magna, fermentum convallis libero. Cras nec orci eget tortor fermentum tempor ac pellentesque metus. Interdum et malesuada fames ac ante ipsum primis in faucibus. Etiam sed blandit dolor, eget convallis dui. Suspendisse interdum lectus elit, ut porttitor odio dignissim vitae. Integer faucibus efficitur gravida nulla rhoncus.</p>



<blockquote class="wp-block-quote"><p>Morbi et magna vel justo tempor consectetur in ut diam. Donec dapibus nisi in nisl dictum, sit amet tincidunt nulla mattis. Integer nec neque orci. Vivamus lacus augue commodo, ut cursus ligula rutrum mollis augue at magna rhoncus porttitor.</p></blockquote>



<p>Proin consectetur faucibus ipsum sodales pharetra. Pellentesque facilisis arcu at vehicula pulvinar. Maecenas quis tortor ultrices enim hendrerit vehicula a non lectus. Aliquam eget commodo ante. Integer ut vehicula lacus, ac porttitor sem. In tristique mollis bibendum. Vestibulum viverra, nisl nec tempus vulputate, eros orci ultrices mi, in cursus mi mi non neque. Vestibulum semper turpis ac massa varius, et congue lacus dignissim. Donec et porta urna, vulputate dapibus elit.</p>
]]></content:encoded>
					
					<wfw:commentRss>/2021/11/12/orci-varius-natoque-penatibus/feed/</wfw:commentRss>
			<slash:comments>0</slash:comments>
		
		
			</item>
	</channel>
</rss>
